id,label
amit.jpg,Amit
Amit1.jpg,Amit
Pavankumar.jpg,Pavankumar Borade
Pavankumar1.jpg,Pavankumar Borade
utkarsh.jpeg,Utkarsh Kulkarni
Rohit1.jpg,Rohit
bale.jpg,Cristian Bale
Akshay Kumar_12.jpg,Akshay Kumar
Akshay Kumar_43.jpg,Akshay Kumar
Akshay Kumar_20.jpg,Akshay Kumar
Akshay Kumar_16.jpg,Akshay Kumar
Akshay Kumar_5.jpg,Akshay Kumar
Akshay Kumar_35.jpg,Akshay Kumar
Akshay Kumar_45.jpg,Akshay Kumar
Alexandra Daddario_87.jpg,Alexandra Daddario
Alexandra Daddario_25.jpg,Alexandra Daddario
Alexandra Daddario_64.jpg,Alexandra Daddario
Alexandra Daddario_83.jpg,Alexandra Daddario
Alexandra Daddario_36.jpg,Alexandra Daddario
Alexandra Daddario_56.jpg,Alexandra Daddario
Alia Bhatt_64.jpg,Alia Bhatt
Alia Bhatt_69.jpg,Alia Bhatt
Alia Bhatt_5.jpg,Alia Bhatt
Alia Bhatt_45.jpg,Alia Bhatt
Alia Bhatt_46.jpg,Alia Bhatt
Alia Bhatt_2.jpg,Alia Bhatt
Alia Bhatt_57.jpg,Alia Bhatt
Amitabh Bachchan_15.jpg,Amitabh Bachchan
Amitabh Bachchan_38.jpg,Amitabh Bachchan
Amitabh Bachchan_42.jpg,Amitabh Bachchan
Amitabh Bachchan_11.jpg,Amitabh Bachchan
Amitabh Bachchan_9.jpg,Amitabh Bachchan
Amitabh Bachchan_45.jpg,Amitabh Bachchan
Amitabh Bachchan_26.jpg,Amitabh Bachchan
Andy Samberg_40.jpg,Andy Samberg
Andy Samberg_56.jpg,Andy Samberg
Andy Samberg_43.jpg,Andy Samberg
Andy Samberg_74.jpg,Andy Samberg
Andy Samberg_81.jpg,Andy Samberg
Andy Samberg_63.jpg,Andy Samberg
Andy Samberg_13.jpg,Andy Samberg
Anushka Sharma_37.jpg,Anushka Sharma
Anushka Sharma_1.jpg,Anushka Sharma
Anushka Sharma_12.jpg,Anushka Sharma
Anushka Sharma_28.jpg,Anushka Sharma
Anushka Sharma_41.jpg,Anushka Sharma
Anushka Sharma_18.jpg,Anushka Sharma
Anushka Sharma_22.jpg,Anushka Sharma
Billie Eilish_63.jpg,Billie Eilish
Billie Eilish_25.jpg,Billie Eilish
Billie Eilish_61.jpg,Billie Eilish
Billie Eilish_32.jpg,Billie Eilish
Billie Eilish_72.jpg,Billie Eilish
Billie Eilish_70.jpg,Billie Eilish
Billie Eilish_96.jpg,Billie Eilish
Brad Pitt_77.jpg,Brad Pitt
Brad Pitt_21.jpg,Brad Pitt
Brad Pitt_60.jpg,Brad Pitt
Brad Pitt_119.jpg,Brad Pitt
Brad Pitt_1.jpg,Brad Pitt
Brad Pitt_89.jpg,Brad Pitt
Brad Pitt_66.jpg,Brad Pitt
Camila Cabello_15.jpg,Camila Cabello
Camila Cabello_18.jpg,Camila Cabello
Camila Cabello_79.jpg,Camila Cabello
Camila Cabello_65.jpg,Camila Cabello
Camila Cabello_41.jpg,Camila Cabello
Camila Cabello_76.jpg,Camila Cabello
Camila Cabello_0.jpg,Camila Cabello
Charlize Theron_72.jpg,Charlize Theron
Charlize Theron_46.jpg,Charlize Theron
Charlize Theron_48.jpg,Charlize Theron
Charlize Theron_1.jpg,Charlize Theron
Charlize Theron_52.jpg,Charlize Theron
Charlize Theron_74.jpg,Charlize Theron
Charlize Theron_58.jpg,Charlize Theron
Claire Holt_93.jpg,Claire Holt
Claire Holt_53.jpg,Claire Holt
Claire Holt_69.jpg,Claire Holt
Claire Holt_45.jpg,Claire Holt
Claire Holt_70.jpg,Claire Holt
Claire Holt_23.jpg,Claire Holt
Courtney Cox_50.jpg,Courtney Cox
Courtney Cox_15.jpg,Courtney Cox
Courtney Cox_4.jpg,Courtney Cox
Courtney Cox_51.jpg,Courtney Cox
Courtney Cox_5.jpg,Courtney Cox
Courtney Cox_65.jpg,Courtney Cox
Courtney Cox_13.jpg,Courtney Cox
Dwayne Johnson_29.jpg,Dwayne Johnson
Dwayne Johnson_38.jpg,Dwayne Johnson
Dwayne Johnson_41.jpg,Dwayne Johnson
Dwayne Johnson_22.jpg,Dwayne Johnson
Dwayne Johnson_19.jpg,Dwayne Johnson
Dwayne Johnson_40.jpg,Dwayne Johnson
Dwayne Johnson_35.jpg,Dwayne Johnson
Elizabeth Olsen_16.jpg,Elizabeth Olsen
Elizabeth Olsen_18.jpg,Elizabeth Olsen
Elizabeth Olsen_44.jpg,Elizabeth Olsen
Elizabeth Olsen_27.jpg,Elizabeth Olsen
Elizabeth Olsen_51.jpg,Elizabeth Olsen
Elizabeth Olsen_56.jpg,Elizabeth Olsen
Elizabeth Olsen_12.jpg,Elizabeth Olsen
Ellen Degeneres_44.jpg,Ellen Degeneres
Ellen Degeneres_32.jpg,Ellen Degeneres
Ellen Degeneres_2.jpg,Ellen Degeneres
Ellen Degeneres_57.jpg,Ellen Degeneres
Ellen Degeneres_74.jpg,Ellen Degeneres
Ellen Degeneres_10.jpg,Ellen Degeneres
Ellen Degeneres_34.jpg,Ellen Degeneres
Henry Cavill_7.jpg,Henry Cavill
Henry Cavill_57.jpg,Henry Cavill
Henry Cavill_56.jpg,Henry Cavill
Henry Cavill_16.jpg,Henry Cavill
Henry Cavill_2.jpg,Henry Cavill
Henry Cavill_48.jpg,Henry Cavill
Henry Cavill_103.jpg,Henry Cavill
Hrithik Roshan_91.jpg,Hrithik Roshan
Hrithik Roshan_84.jpg,Hrithik Roshan
Hrithik Roshan_45.jpg,Hrithik Roshan
Hrithik Roshan_66.jpg,Hrithik Roshan
Hrithik Roshan_26.jpg,Hrithik Roshan
Hrithik Roshan_59.jpg,Hrithik Roshan
Hrithik Roshan_9.jpg,Hrithik Roshan
Hugh Jackman_48.jpg,Hugh Jackman
Hugh Jackman_52.jpg,Hugh Jackman
Hugh Jackman_110.jpg,Hugh Jackman
Hugh Jackman_97.jpg,Hugh Jackman
Hugh Jackman_14.jpg,Hugh Jackman
Hugh Jackman_51.jpg,Hugh Jackman
Hugh Jackman_22.jpg,Hugh Jackman
Jessica Alba_79.jpg,Jessica Alba
Jessica Alba_105.jpg,Jessica Alba
Jessica Alba_27.jpg,Jessica Alba
Jessica Alba_83.jpg,Jessica Alba
Jessica Alba_90.jpg,Jessica Alba
Jessica Alba_88.jpg,Jessica Alba
Jessica Alba_3.jpg,Jessica Alba
Kashyap_13.jpg,Kashyap
Kashyap_10.jpg,Kashyap
Kashyap_28.jpg,Kashyap
Kashyap_21.jpg,Kashyap
Kashyap_17.jpg,Kashyap
Kashyap_19.jpg,Kashyap
Kashyap_4.jpg,Kashyap
Lisa Kudrow_62.jpg,Lisa Kudrow
Lisa Kudrow_50.jpg,Lisa Kudrow
Lisa Kudrow_54.jpg,Lisa Kudrow
Lisa Kudrow_53.jpg,Lisa Kudrow
Lisa Kudrow_47.jpg,Lisa Kudrow
Lisa Kudrow_9.jpg,Lisa Kudrow
Lisa Kudrow_41.jpg,Lisa Kudrow
Margot Robbie_7.jpg,Margot Robbie
Margot Robbie_52.jpg,Margot Robbie
Margot Robbie_20.jpg,Margot Robbie
Margot Robbie_1.jpg,Margot Robbie
Margot Robbie_13.jpg,Margot Robbie
Margot Robbie_10.jpg,Margot Robbie
Margot Robbie_53.jpg,Margot Robbie
Marmik_5.jpg,Marmik
Marmik_6.jpg,Marmik
Marmik_14.jpg,Marmik
Marmik_9.jpg,Marmik
Marmik_2.jpg,Marmik
Marmik_22.jpg,Marmik
Marmik_3.jpg,Marmik
Natalie Portman_93.jpg,Natalie Portman
Natalie Portman_31.jpg,Natalie Portman
Natalie Portman_27.jpg,Natalie Portman
Natalie Portman_53.jpg,Natalie Portman
Natalie Portman_97.jpg,Natalie Portman
Natalie Portman_83.jpg,Natalie Portman
Natalie Portman_39.jpg,Natalie Portman
Priyanka Chopra_47.jpg,Priyanka Chopra
Priyanka Chopra_54.jpg,Priyanka Chopra
Priyanka Chopra_82.jpg,Priyanka Chopra
Priyanka Chopra_12.jpg,Priyanka Chopra
Priyanka Chopra_53.jpg,Priyanka Chopra
Priyanka Chopra_57.jpg,Priyanka Chopra
Priyanka Chopra_26.jpg,Priyanka Chopra
Robert Downey Jr_21.jpg,Robert Downey Jr
Robert Downey Jr_16.jpg,Robert Downey Jr
Robert Downey Jr_19.jpg,Robert Downey Jr
Robert Downey Jr_106.jpg,Robert Downey Jr
Robert Downey Jr_95.jpg,Robert Downey Jr
Robert Downey Jr_75.jpg,Robert Downey Jr
Robert Downey Jr_10.jpg,Robert Downey Jr
Roger Federer_44.jpg,Roger Federer
Roger Federer_17.jpg,Roger Federer
Roger Federer_21.jpg,Roger Federer
Roger Federer_41.jpg,Roger Federer
Roger Federer_30.jpg,Roger Federer
Roger Federer_14.jpg,Roger Federer
Roger Federer_61.jpg,Roger Federer
Tom Cruise_15.jpg,Tom Cruise
Tom Cruise_24.jpg,Tom Cruise
Tom Cruise_51.jpg,Tom Cruise
Tom Cruise_0.jpg,Tom Cruise
Tom Cruise_57.jpg,Tom Cruise
Tom Cruise_43.jpg,Tom Cruise
Tom Cruise_28.jpg,Tom Cruise
Vijay Deverakonda_68.jpg,Vijay Deverakonda
Vijay Deverakonda_39.jpg,Vijay Deverakonda
Vijay Deverakonda_79.jpg,Vijay Deverakonda
Vijay Deverakonda_1.jpg,Vijay Deverakonda
Vijay Deverakonda_30.jpg,Vijay Deverakonda
Vijay Deverakonda_71.jpg,Vijay Deverakonda
Virat Kohli_44.jpg,Virat Kohli
Virat Kohli_7.jpg,Virat Kohli
Virat Kohli_45.jpg,Virat Kohli
Virat Kohli_4.jpg,Virat Kohli
Virat Kohli_5.jpg,Virat Kohli
Virat Kohli_31.jpg,Virat Kohli
Virat Kohli_15.jpg,Virat Kohli
Zac Efron_2.jpg,Zac Efron
Zac Efron_6.jpg,Zac Efron
Zac Efron_32.jpg,Zac Efron
Zac Efron_16.jpg,Zac Efron
Zac Efron_23.jpg,Zac Efron
Zac Efron_52.jpg,Zac Efron
Zac Efron_12.jpg,Zac Efron
